run_id,frame_index,video_timestamp_seconds,processing_time_ms,inference_provider,note,input_video,output_video
2026-09-29T11:47:33.246734+00:00,0,0.0,384.683,DmlExecutionProvider,timing_logging_test,speed_climb.mp4,dino_miss_pose.mp4
2026-09-29T11:47:33.246734+00:00,1,0.03331463644948064,397.958,DmlExecutionProvider,timing_logging_test,speed_climb.mp4,dino_miss_pose.mp4
2026-09-29T11:47:33.246734+00:00,2,0.06662927289896128,363.822,DmlExecutionProvider,timing_logging_test,speed_climb.mp4,dino_miss_pose.mp4
2026-09-29T11:47:33.246734+00:00,3,0.09994390934844193,357.406,DmlExecutionProvider,timing_logging_test,speed_climb.mp4,dino_miss_pose.mp4
2026-09-29T11:47:33.246734+00:00,4,0.13325854579792257,331.497,DmlExecutionProvider,timing_logging_test,speed_climb.mp4,dino_miss_pose.mp4
2026-09-29T11:47:33.246734+00:00,5,0.16657318224740322,321.552,DmlExecutionProvider,timing_logging_test,speed_climb.mp4,dino_miss_pose.mp4
2026-09-29T11:47:33.246734+00:00,6,0.19988781869688385,323.487,DmlExecutionProvider,timing_logging_test,speed_climb.mp4,dino_miss_pose.mp4
2026-09-29T11:47:33.246734+00:00,7,0.2332024551463645,326.023,DmlExecutionProvider,timing_logging_test,speed_climb.mp4,dino_miss_pose.mp4
2026-09-29T11:47:33.246734+00:00,8,0.26651709159584513,323.773,DmlExecutionProvider,timing_logging_test,speed_climb.mp4,dino_miss_pose.mp4
2026-09-29T11:47:33.246734+00:00,9,0.29983172804532576,324.368,DmlExecutionProvider,timing_logging_test,speed_climb.mp4,dino_miss_pose.mp4
2026-09-29T11:47:33.246734+00:00,10,0.33314636449480645,325.483,DmlExecutionProvider,timing_logging_test,speed_climb.mp4,dino_miss_pose.mp4
2026-09-29T11:47:33.246734+00:00,11,0.3664610009442871,321.267,DmlExecutionProvider,timing_logging_test,speed_climb.mp4,dino_miss_pose.mp4
2026-09-29T11:47:33.246734+00:00,12,0.3997756373937677,325.411,DmlExecutionProvider,timing_logging_test,speed_climb.mp4,dino_miss_pose.mp4
2026-09-29T11:47:33.246734+00:00,13,0.43309027384324833,323.765,DmlExecutionProvider,timing_logging_test,speed_climb.mp4,dino_miss_pose.mp4
2026-09-29T11:47:33.246734+00:00,14,0.466404910292729,324.02,DmlExecutionProvider,timing_logging_test,speed_climb.mp4,dino_miss_pose.mp4
2026-09-29T11:47:33.246734+00:00,15,0.49971954674220964,324.579,DmlExecutionProvider,timing_logging_test,speed_climb.mp4,dino_miss_pose.mp4
2026-09-29T11:47:33.246734+00:00,16,0.5330341831916903,361.462,DmlExecutionProvider,timing_logging_test,speed_climb.mp4,dino_miss_pose.mp4
2026-09-29T11:47:33.246734+00:00,17,0.5663488196411709,416.202,DmlExecutionProvider,timing_logging_test,speed_climb.mp4,dino_miss_pose.mp4
2026-09-29T11:47:33.246734+00:00,18,0.5996634560906515,338.224,DmlExecutionProvider,timing_logging_test,speed_climb.mp4,dino_miss_pose.mp4
2026-09-29T11:47:33.246734+00:00,19,0.6329780925401323,334.212,DmlExecutionProvider,timing_logging_test,speed_climb.mp4,dino_miss_pose.mp4
2026-09-29T11:47:33.246734+00:00,20,0.6662927289896129,332.065,DmlExecutionProvider,timing_logging_test,speed_climb.mp4,dino_miss_pose.mp4
2026-09-29T11:47:33.246734+00:00,21,0.6996073654390935,328.626,DmlExecutionProvider,timing_logging_test,speed_climb.mp4,dino_miss_pose.mp4
2026-09-29T11:47:33.246734+00:00,22,0.7329220018885741,334.305,DmlExecutionProvider,timing_logging_test,speed_climb.mp4,dino_miss_pose.mp4
2026-09-29T11:47:33.246734+00:00,23,0.7662366383380548,331.975,DmlExecutionProvider,timing_logging_test,speed_climb.mp4,dino_miss_pose.mp4
2026-09-29T11:47:33.246734+00:00,24,0.7995512747875354,333.181,DmlExecutionProvider,timing_logging_test,speed_climb.mp4,dino_miss_pose.mp4
2026-09-29T11:47:33.246734+00:00,25,0.832865911237016,331.722,DmlExecutionProvider,timing_logging_test,speed_climb.mp4,dino_miss_pose.mp4
2026-09-29T11:47:33.246734+00:00,26,0.8661805476864967,329.358,DmlExecutionProvider,timing_logging_test,speed_climb.mp4,dino_miss_pose.mp4
2026-09-29T11:47:33.246734+00:00,27,0.8994951841359774,329.171,DmlExecutionProvider,timing_logging_test,speed_climb.mp4,dino_miss_pose.mp4
2026-09-29T11:47:33.246734+00:00,28,0.932809820585458,326.951,DmlExecutionProvider,timing_logging_test,speed_climb.mp4,dino_miss_pose.mp4
2026-09-29T11:47:33.246734+00:00,29,0.9661244570349387,331.565,DmlExecutionProvider,timing_logging_test,speed_climb.mp4,dino_miss_pose.mp4
2026-09-29T11:47:33.246734+00:00,30,0.9994390934844193,331.673,DmlExecutionProvider,timing_logging_test,speed_climb.mp4,dino_miss_pose.mp4
2026-09-29T11:47:33.246734+00:00,31,1.0327537299339,335.441,DmlExecutionProvider,timing_logging_test,speed_climb.mp4,dino_miss_pose.mp4
2026-09-29T11:47:33.246734+00:00,32,1.0660683663833805,337.416,DmlExecutionProvider,timing_logging_test,speed_climb.mp4,dino_miss_pose.mp4
2026-09-29T11:47:33.246734+00:00,33,1.0993830028328613,338.64,DmlExecutionProvider,timing_logging_test,speed_climb.mp4,dino_miss_pose.mp4
2026-09-29T11:47:33.246734+00:00,34,1.1326976392823418,329.802,DmlExecutionProvider,timing_logging_test,speed_climb.mp4,dino_miss_pose.mp4
2026-09-29T11:47:33.246734+00:00,35,1.1660122757318225,328.763,DmlExecutionProvider,timing_logging_test,speed_climb.mp4,dino_miss_pose.mp4
2026-09-29T11:47:33.246734+00:00,36,1.199326912181303,328.152,DmlExecutionProvider,timing_logging_test,speed_climb.mp4,dino_miss_pose.mp4
2026-09-29T11:47:33.246734+00:00,37,1.2326415486307838,330.665,DmlExecutionProvider,timing_logging_test,speed_climb.mp4,dino_miss_pose.mp4
2026-09-29T11:47:33.246734+00:00,38,1.2659561850802645,333.263,DmlExecutionProvider,timing_logging_test,speed_climb.mp4,dino_miss_pose.mp4
2026-09-29T11:47:33.246734+00:00,39,1.299270821529745,335.381,DmlExecutionProvider,timing_logging_test,speed_climb.mp4,dino_miss_pose.mp4
2026-09-29T11:47:33.246734+00:00,40,1.3325854579792258,332.951,DmlExecutionProvider,timing_logging_test,speed_climb.mp4,dino_miss_pose.mp4
2026-09-29T11:47:33.246734+00:00,41,1.3659000944287063,328.37,DmlExecutionProvider,timing_logging_test,speed_climb.mp4,dino_miss_pose.mp4
2026-09-29T11:47:33.246734+00:00,42,1.399214730878187,332.987,DmlExecutionProvider,timing_logging_test,speed_climb.mp4,dino_miss_pose.mp4
2026-09-29T11:47:33.246734+00:00,43,1.4325293673276676,333.923,DmlExecutionProvider,timing_logging_test,speed_climb.mp4,dino_miss_pose.mp4
2026-09-29T11:47:33.246734+00:00,44,1.4658440037771483,329.83,DmlExecutionProvider,timing_logging_test,speed_climb.mp4,dino_miss_pose.mp4
2026-09-29T11:47:33.246734+00:00,45,1.4991586402266288,332.627,DmlExecutionProvider,timing_logging_test,speed_climb.mp4,dino_miss_pose.mp4
2026-09-29T11:47:33.246734+00:00,46,1.5324732766761096,333.849,DmlExecutionProvider,timing_logging_test,speed_climb.mp4,dino_miss_pose.mp4
2026-09-29T11:47:33.246734+00:00,47,1.5657879131255903,333.279,DmlExecutionProvider,timing_logging_test,speed_climb.mp4,dino_miss_pose.mp4
2026-09-29T11:47:33.246734+00:00,48,1.5991025495750708,338.911,DmlExecutionProvider,timing_logging_test,speed_climb.mp4,dino_miss_pose.mp4
2026-09-29T11:47:33.246734+00:00,49,1.6324171860245515,328.861,DmlExecutionProvider,timing_logging_test,speed_climb.mp4,dino_miss_pose.mp4
2026-09-29T11:47:33.246734+00:00,50,1.665731822474032,331.989,DmlExecutionProvider,timing_logging_test,speed_climb.mp4,dino_miss_pose.mp4
2026-09-29T11:47:33.246734+00:00,51,1.6990464589235128,332.418,DmlExecutionProvider,timing_logging_test,speed_climb.mp4,dino_miss_pose.mp4
2026-09-29T11:47:33.246734+00:00,52,1.7323610953729933,331.461,DmlExecutionProvider,timing_logging_test,speed_climb.mp4,dino_miss_pose.mp4
2026-09-29T11:47:33.246734+00:00,53,1.765675731822474,334.262,DmlExecutionProvider,timing_logging_test,speed_climb.mp4,dino_miss_pose.mp4
2026-09-29T11:47:33.246734+00:00,54,1.7989903682719548,330.397,DmlExecutionProvider,timing_logging_test,speed_climb.mp4,dino_miss_pose.mp4
2026-09-29T11:47:33.246734+00:00,55,1.8323050047214353,331.811,DmlExecutionProvider,timing_logging_test,speed_climb.mp4,dino_miss_pose.mp4
2026-09-29T11:47:33.246734+00:00,56,1.865619641170916,336.322,DmlExecutionProvider,timing_logging_test,speed_climb.mp4,dino_miss_pose.mp4
2026-09-29T11:47:33.246734+00:00,57,1.8989342776203966,332.824,DmlExecutionProvider,timing_logging_test,speed_climb.mp4,dino_miss_pose.mp4
