panel,hold,type,x_mm,y_mm,x_m,y_m
DX1,F4,Foot,2250,562.5,2.250,0.5625
DX1,A10,Foot,1625,1312.5,1.625,1.3125
DX2,F1,Hand,2250,1687.5,2.250,1.6875
DX2,G3,Hand,2375,1937.5,2.375,1.9375
DX2,A9,Hand,1625,2687.5,1.625,2.6875
SN2,G3,Foot,875,1937.5,0.875,1.9375
DX3,C6,Foot,1875,3812.5,1.875,3.8125
SN3,G4,Hand,875,3562.5,0.875,3.5625
SN3,M10,Hand,1375,4312.5,1.375,4.3125
DX4,B2,Hand,1750,4812.5,1.750,4.8125
SN4,M8,Hand,1375,5562.5,1.375,5.5625
DX5,E1,Foot,2125,6187.5,2.125,6.1875
DX5,C3,Hand,1875,6437.5,1.875,6.4375
DX5,E9,Hand,2125,7187.5,2.125,7.1875
SN5,H1,Foot,1000,6187.5,1.000,6.1875
SN5,M6,Foot,1375,6812.5,1.375,6.8125
SN5,E7,Foot,625,6937.5,0.625,6.9375
SN6,H2,Hand,1000,7812.5,1.000,7.8125
SN6,L7,Hand,1250,8437.5,1.250,8.4375
SN6,F9,Hand,750,8687.5,0.750,8.6875
SN7,M4,Hand,1375,9562.5,1.375,9.5625
SN7,G9,Hand,875,10187.5,0.875,10.1875
DX7,B10,Foot,1750,10312.5,1.750,10.3125
SN8,L1,Hand,1250,10687.5,1.250,10.6875
SN8,I3,Hand,1125,10937.5,1.125,10.9375
DX8,E1,Foot,2125,10687.5,2.125,10.6875
DX8,A5,Foot,1625,11187.5,1.625,11.1875
SN8,C8,Hand,375,11562.5,0.375,11.5625
SN9,M10,Hand,1375,13312.5,1.375,13.3125
DX9,A2,Hand,1625,12312.5,1.625,12.3125
DX9,E7,Hand,2125,12937.5,2.125,12.9375
